[
  {
    "id": 1,
    "name": "小林 美穂",
    "company": "田中繊維株式会社",
    "division": "営業部",
    "title": "係長"
  },
  {
    "id": 2,
    "name": "佐藤 麻衣",
    "company": "佐藤繊維株式会社",
    "division": "企画部",
    "title": "主任"
  },
  {
    "id": 3,
    "name": "佐藤 健太",
    "company": "高橋化学株式会社",
    "division": "人事部",
    "title": "部長"
  },
  {
    "id": 4,
    "name": "中村 友美",
    "company": "佐藤水産株式会社",
    "division": "総務部",
    "title": "課長"
  },
  {
    "id": 5,
    "name": "加藤 祐介",
    "company": "山本金属株式会社",
    "division": "経営企画部",
    "title": "係長"
  },
  {
    "id": 6,
    "name": "田中 友美",
    "company": "田中鉱業株式会社",
    "division": "開発部",
    "title": "部長"
  },
  {
    "id": 7,
    "name": "加藤 麻衣子",
    "company": "佐藤建設株式会社",
    "division": "製造部",
    "title": "課長"
  },
  {
    "id": 8,
    "name": "中村 美穂",
    "company": "加藤薬品株式会社",
    "division": "広報部",
    "title": "課長"
  },
  {
    "id": 9,
    "name": "田中 智美",
    "company": "佐藤鉄鋼株式会社",
    "division": "営業部",
    "title": "主任"
  },
  {
    "id": 10,
    "name": "加藤 美香",
    "company": "佐藤薬品株式会社",
    "division": "企画部",
    "title": "係長"
  },
  {
    "id": 11,
    "name": "小林 雄太",
    "company": "鈴木水産株式会社",
    "division": "経営企画部",
    "title": "係長"
  },
  {
    "id": 12,
    "name": "山本 雄太",
    "company": "渡辺食品株式会社",
    "division": "経営企画部",
    "title": "部長"
  },
  {
    "id": 13,
    "name": "田中 裕子",
    "company": "鈴木金属株式会社",
    "division": "総務部",
    "title": "課長"
  },
  {
    "id": 14,
    "name": "加藤 誠",
    "company": "伊藤鉱業株式会社",
    "division": "広報部",
    "title": "係長"
  },
  {
    "id": 15,
    "name": "山本 美香",
    "company": "高橋化学株式会社",
    "division": "開発部",
    "title": "課長"
  },
  {
    "id": 16,
    "name": "加藤 大輔",
    "company": "渡辺住宅株式会社",
    "division": "企画部",
    "title": "主任"
  },
  {
    "id": 17,
    "name": "中村 美穂",
    "company": "山本薬品株式会社",
    "division": "営業部",
    "title": "主任"
  },
  {
    "id": 18,
    "name": "加藤 恵",
    "company": "佐藤繊維株式会社",
    "division": "人事部",
    "title": "課長"
  },
  {
    "id": 19,
    "name": "小林 和也",
    "company": "小林住宅株式会社",
    "division": "経理部",
    "title": "主任"
  },
  {
    "id": 20,
    "name": "田中 誠",
    "company": "高橋化学株式会社",
    "division": "経理部",
    "title": "主任"
  },
  {
    "id": 21,
    "name": "加藤 友美",
    "company": "伊藤鉱業株式会社",
    "division": "開発部",
    "title": ""
  },
  {
    "id": 22,
    "name": "小林 翔",
    "company": "佐藤化学株式会社",
    "division": "企画部",
    "title": "課長"
  },
  {
    "id": 23,
    "name": "伊藤 愛",
    "company": "小林繊維株式会社",
    "division": "開発部",
    "title": "部長"
  },
  {
    "id": 24,
    "name": "田中 麻衣子",
    "company": "伊藤住宅株式会社",
    "division": "製造部",
    "title": "主任"
  },
  {
    "id": 25,
    "name": "伊藤 麻衣",
    "company": "高橋金属株式会社",
    "division": "総務部",
    "title": "部長"
  },
  {
    "id": 26,
    "name": "中村 健太",
    "company": "中村薬品株式会社",
    "division": "人事部",
    "title": "課長"
  },
  {
    "id": 27,
    "name": "高橋 恵",
    "company": "鈴木建設株式会社",
    "division": "人事部",
    "title": ""
  },
  {
    "id": 28,
    "name": "伊藤 友美",
    "company": "山本金属株式会社",
    "division": "総務部",
    "title": "係長"
  },
  {
    "id": 29,
    "name": "鈴木 智美",
    "company": "鈴木繊維株式会社",
    "division": "開発部",
    "title": ""
  },
  {
    "id": 30,
    "name": "佐藤 雄太",
    "company": "山本食品株式会社",
    "division": "企画部",
    "title": "部長"
  },
  {
    "id": 31,
    "name": "高橋 和也",
    "company": "渡辺鉱業株式会社",
    "division": "経営企画部",
    "title": "部長"
  },
  {
    "id": 32,
    "name": "鈴木 大輔",
    "company": "加藤食品株式会社",
    "division": "経理部",
    "title": "主任"
  },
  {
    "id": 33,
    "name": "小林 裕子",
    "company": "小林金属株式会社",
    "division": "総務部",
    "title": ""
  },
  {
    "id": 34,
    "name": "佐藤 直樹",
    "company": "小林化学株式会社",
    "division": "広報部",
    "title": "係長"
  },
  {
    "id": 35,
    "name": "伊藤 健太",
    "company": "高橋鉱業株式会社",
    "division": "広報部",
    "title": "主任"
  },
  {
    "id": 36,
    "name": "鈴木 拓也",
    "company": "加藤食品株式会社",
    "division": "総務部",
    "title": "課長"
  },
  {
    "id": 37,
    "name": "渡辺 祐介",
    "company": "小林化学株式会社",
    "division": "人事部",
    "title": "課長"
  },
  {
    "id": 38,
    "name": "鈴木 誠",
    "company": "佐藤鉄鋼株式会社",
    "division": "経営企画部",
    "title": "課長"
  },
  {
    "id": 39,
    "name": "中村 麻美",
    "company": "高橋建設株式会社",
    "division": "経理部",
    "title": "課長"
  },
  {
    "id": 40,
    "name": "田中 美穂",
    "company": "高橋鉄鋼株式会社",
    "division": "開発部",
    "title": "部長"
  },
  {
    "id": 41,
    "name": "加藤 麻衣",
    "company": "佐藤繊維株式会社",
    "division": "広報部",
    "title": ""
  },
  {
    "id": 42,
    "name": "山本 愛",
    "company": "高橋繊維株式会社",
    "division": "経理部",
    "title": "課長"
  },
  {
    "id": 43,
    "name": "伊藤 美香",
    "company": "高橋水産株式会社",
    "division": "製造部",
    "title": "部長"
  },
  {
    "id": 44,
    "name": "中村 美穂",
    "company": "田中水産株式会社",
    "division": "営業部",
    "title": "課長"
  },
  {
    "id": 45,
    "name": "高橋 裕子",
    "company": "渡辺金属株式会社",
    "division": "総務部",
    "title": "主任"
  },
  {
    "id": 46,
    "name": "佐藤 美穂",
    "company": "鈴木鉱業株式会社",
    "division": "製造部",
    "title": "課長"
  },
  {
    "id": 47,
    "name": "鈴木 友美",
    "company": "山本薬品株式会社",
    "division": "営業部",
    "title": "部長"
  },
  {
    "id": 48,
    "name": "佐藤 優",
    "company": "小林繊維株式会社",
    "division": "広報部",
    "title": "課長"
  },
  {
    "id": 49,
    "name": "中村 麻衣",
    "company": "佐藤繊維株式会社",
    "division": "総務部",
    "title": "部長"
  },
  {
    "id": 50,
    "name": "伊藤 美穂",
    "company": "田中金属株式会社",
    "division": "広報部",
    "title": "部長"
  },
  {
    "id": 51,
    "name": "小林 友美",
    "company": "伊藤住宅株式会社",
    "division": "人事部",
    "title": "係長"
  },
  {
    "id": 52,
    "name": "加藤 健太",
    "company": "田中建設株式会社",
    "division": "企画部",
    "title": "課長"
  },
  {
    "id": 53,
    "name": "加藤 雄太",
    "company": "中村鉱業株式会社",
    "division": "製造部",
    "title": "部長"
  },
  {
    "id": 54,
    "name": "加藤 雄太",
    "company": "加藤化学株式会社",
    "division": "総務部",
    "title": "主任"
  },
  {
    "id": 55,
    "name": "伊藤 麻衣",
    "company": "鈴木金属株式会社",
    "division": "製造部",
    "title": "主任"
  },
  {
    "id": 56,
    "name": "小林 拓也",
    "company": "鈴木化学株式会社",
    "division": "総務部",
    "title": "係長"
  },
  {
    "id": 57,
    "name": "山本 直樹",
    "company": "山本鉄鋼株式会社",
    "division": "広報部",
    "title": "係長"
  },
  {
    "id": 58,
    "name": "渡辺 智美",
    "company": "佐藤建設株式会社",
    "division": "企画部",
    "title": "課長"
  },
  {
    "id": 59,
    "name": "山本 雄太",
    "company": "加藤金属株式会社",
    "division": "広報部",
    "title": ""
  },
  {
    "id": 60,
    "name": "佐藤 麻衣",
    "company": "小林住宅株式会社",
    "division": "企画部",
    "title": "係長"
  },
  {
    "id": 61,
    "name": "山本 和也",
    "company": "田中水産株式会社",
    "division": "人事部",
    "title": "部長"
  },
  {
    "id": 62,
    "name": "小林 翔",
    "company": "鈴木鉄鋼株式会社",
    "division": "経理部",
    "title": "部長"
  },
  {
    "id": 63,
    "name": "山本 智美",
    "company": "鈴木食品株式会社",
    "division": "経営企画部",
    "title": "係長"
  },
  {
    "id": 64,
    "name": "佐藤 拓也",
    "company": "加藤水産株式会社",
    "division": "人事部",
    "title": "部長"
  },
  {
    "id": 65,
    "name": "小林 美穂",
    "company": "伊藤水産株式会社",
    "division": "広報部",
    "title": "課長"
  },
  {
    "id": 66,
    "name": "渡辺 和也",
    "company": "加藤薬品株式会社",
    "division": "製造部",
    "title": "係長"
  },
  {
    "id": 67,
    "name": "伊藤 友美",
    "company": "小林水産株式会社",
    "division": "総務部",
    "title": "課長"
  },
  {
    "id": 68,
    "name": "中村 和也",
    "company": "山本繊維株式会社",
    "division": "経理部",
    "title": ""
  },
  {
    "id": 69,
    "name": "佐藤 大輔",
    "company": "佐藤鉄鋼株式会社",
    "division": "営業部",
    "title": "係長"
  },
  {
    "id": 70,
    "name": "中村 翔",
    "company": "小林金属株式会社",
    "division": "営業部",
    "title": "係長"
  },
  {
    "id": 71,
    "name": "小林 祐介",
    "company": "渡辺建設株式会社",
    "division": "広報部",
    "title": "課長"
  },
  {
    "id": 72,
    "name": "田中 優",
    "company": "渡辺化学株式会社",
    "division": "営業部",
    "title": "部長"
  },
  {
    "id": 73,
    "name": "伊藤 恵",
    "company": "加藤繊維株式会社",
    "division": "人事部",
    "title": "主任"
  },
  {
    "id": 74,
    "name": "鈴木 智美",
    "company": "中村鉄鋼株式会社",
    "division": "人事部",
    "title": "主任"
  },
  {
    "id": 75,
    "name": "中村 大輔",
    "company": "山本繊維株式会社",
    "division": "広報部",
    "title": "課長"
  },
  {
    "id": 76,
    "name": "高橋 愛",
    "company": "加藤水産株式会社",
    "division": "人事部",
    "title": "係長"
  },
  {
    "id": 77,
    "name": "山本 麻美",
    "company": "小林薬品株式会社",
    "division": "経営企画部",
    "title": "課長"
  },
  {
    "id": 78,
    "name": "山本 友美",
    "company": "山本金属株式会社",
    "division": "開発部",
    "title": "課長"
  },
  {
    "id": 79,
    "name": "小林 麻衣子",
    "company": "小林繊維株式会社",
    "division": "企画部",
    "title": "主任"
  },
  {
    "id": 80,
    "name": "伊藤 優",
    "company": "中村繊維株式会社",
    "division": "製造部",
    "title": "係長"
  },
  {
    "id": 81,
    "name": "佐藤 雄太",
    "company": "小林食品株式会社",
    "division": "広報部",
    "title": ""
  },
  {
    "id": 82,
    "name": "加藤 智美",
    "company": "加藤化学株式会社",
    "division": "広報部",
    "title": "主任"
  },
  {
    "id": 83,
    "name": "小林 和也",
    "company": "伊藤住宅株式会社",
    "division": "企画部",
    "title": "主任"
  },
  {
    "id": 84,
    "name": "鈴木 直樹",
    "company": "鈴木繊維株式会社",
    "division": "総務部",
    "title": "部長"
  },
  {
    "id": 85,
    "name": "鈴木 智美",
    "company": "加藤繊維株式会社",
    "division": "経営企画部",
    "title": "部長"
  },
  {
    "id": 86,
    "name": "伊藤 友美",
    "company": "高橋化学株式会社",
    "division": "総務部",
    "title": "係長"
  },
  {
    "id": 87,
    "name": "高橋 裕子",
    "company": "田中繊維株式会社",
    "division": "総務部",
    "title": "部長"
  },
  {
    "id": 88,
    "name": "高橋 直樹",
    "company": "山本金属株式会社",
    "division": "営業部",
    "title": "係長"
  },
  {
    "id": 89,
    "name": "小林 麻美",
    "company": "鈴木薬品株式会社",
    "division": "総務部",
    "title": "主任"
  },
  {
    "id": 90,
    "name": "鈴木 友美",
    "company": "加藤住宅株式会社",
    "division": "企画部",
    "title": "課長"
  },
  {
    "id": 91,
    "name": "小林 恵",
    "company": "加藤化学株式会社",
    "division": "総務部",
    "title": "課長"
  },
  {
    "id": 92,
    "name": "高橋 大輔",
    "company": "中村化学株式会社",
    "division": "総務部",
    "title": "課長"
  },
  {
    "id": 93,
    "name": "中村 優",
    "company": "伊藤金属株式会社",
    "division": "営業部",
    "title": "係長"
  },
  {
    "id": 94,
    "name": "中村 麻衣",
    "company": "伊藤建設株式会社",
    "division": "企画部",
    "title": "部長"
  },
  {
    "id": 95,
    "name": "小林 麻衣",
    "company": "渡辺鉄鋼株式会社",
    "division": "広報部",
    "title": "部長"
  },
  {
    "id": 96,
    "name": "山本 友美",
    "company": "渡辺繊維株式会社",
    "division": "経理部",
    "title": "部長"
  },
  {
    "id": 97,
    "name": "中村 美穂",
    "company": "渡辺住宅株式会社",
    "division": "営業部",
    "title": "部長"
  },
  {
    "id": 98,
    "name": "鈴木 恵",
    "company": "伊藤食品株式会社",
    "division": "総務部",
    "title": "主任"
  },
  {
    "id": 99,
    "name": "渡辺 直樹",
    "company": "田中鉱業株式会社",
    "division": "営業部",
    "title": "係長"
  },
  {
    "id": 100,
    "name": "伊藤 愛",
    "company": "渡辺金属株式会社",
    "division": "経理部",
    "title": "社長"
  }
]
